"RowNumNumRep","Var","stage","days","m","intercept","n","Var"
"18.1.R5","Cinsault","50% flowering",41.0947867298578,1.40715208961654,11.5445928479104,6,"Cinsault"
"18.1.R2","Cinsault","50% flowering",40.1242424242424,1.4969696969697,8.68787878787879,6,"Cinsault"
"39.7.R9","Carnelian","50% flowering",51.9681977325775,2.69489829943315,-4.62466655551855,24,"Carnelian"
"34.5.R3","Morrastel","50% flowering",40.5834502103787,1.3015427769986,13.2510518934081,5,"Morrastel"
"29.7.R1","Tocai Friulano","50% flowering",61.2070916481137,2.67433975367144,5.04595682101351,24,"Tocai Friulano"
"14.3.R9","Carmenere","50% flowering",38.5667976424361,1.41650294695481,8.82023575638507,6,"Carmenere"
"18.3.R8","Counoise","50% flowering",55.5490348995906,2.43166309222071,4.48410996295574,10,"Counoise"
"18.1.R4","Cinsault","50% flowering",40.3571428571429,1.42857142857143,10.3571428571429,6,"Cinsault"
"20.4.R7","Viognier","50% flowering",44.9987146529563,1.92030848329049,4.67223650385603,7,"Viognier"
"24.9.R6","Dolcetto","50% flowering",42.9418960244648,1.78593272171254,5.43730886850152,7,"Dolcetto"
"24.9.R5","Dolcetto","50% flowering",35.4111675126904,1.14720812182741,11.3197969543147,5,"Dolcetto"
"23.7.R4","Szagos feher","50% flowering",40.1059098888239,1.63838502047981,5.69982445874782,6,"Szagos feher"
"39.7.R1","Carnelian","50% flowering",33.6050955414013,1.28980891719745,6.51910828025478,5,"Carnelian"
"22.7.R3","Furmint","50% flowering",45.7271241830065,1.85130718954248,6.84967320261437,7,"Furmint"
"12.1.R7","Aligote","50% flowering",38.9885183160197,1.54620010934937,6.51831601968289,6,"Aligote"
"12.1.R5","Aligote","50% flowering",38.2985685071575,1.4601226993865,7.6359918200409,6,"Aligote"
"22.1.R6","Rotgipfler","50% flowering",36.1741573033708,1.21910112359551,10.5730337078652,5,"Rotgipfler"
"34.1.R2","Macabeo","50% flowering",37.8845979100409,1.44116310767833,7.62017264879601,6,"Macabeo"
"39.7.R2","Carnelian","50% flowering",78.235458344752,4.30333653055632,-12.1346087969307,23,"Carnelian"
"22.1.R5","Rotgipfler","50% flowering",41.454802259887,1.48587570621469,10.2514124293785,6,"Rotgipfler"
"19.9.R6","Syrah","50% flowering",42.6145038167939,1.45038167938931,12.1564885496183,6,"Syrah"
"25.9.R4","Nebbiolo","50% flowering",44.9301983835415,1.78251285819251,7.49742836149889,7,"Nebbiolo"
"12.7.R4","Gamay Noir","50% flowering",56.8986638150093,2.38959709752104,6.71712476706759,25,"Gamay Noir"
"22.7.R5","Furmint","50% flowering",31,1,10,4,"Furmint"
"29.3.R4","Schiopettino","50% flowering",43.0199600798403,1.53892215568862,10.7025948103792,6,"Schiopettino"
"14.1.R4","Cabernet Sauvignon","50% flowering",32.056856187291,0.8561872909699,14.0769230769231,4,"Cabernet Sauvignon"
"18.7.R4","Marsanne","50% flowering",33.6065573770492,0.885245901639345,15.0163934426229,4,"Marsanne"
"20.2.R3","Valdepenas","50% flowering",40.9427480916031,1.48473282442748,9.76335877862596,6,"Valdepenas"
"23.7.R6","Szagos feher","50% flowering",34.125,1.25,7.875,5,"Szagos feher"
"29.3.R3","Schiopettino","50% flowering",44.9230769230769,1.78205128205128,7.5,7,"Schiopettino"
"34.1.R4","Macabeo","50% flowering",54.9481897627965,2.16104868913858,9.56616729088639,9,"Macabeo"
"44.1.R4","Ruby Seedless","50% flowering",33.1035856573705,0.956175298804781,13.0239043824701,4,"Ruby Seedless"
"40.9.R6","Ruby Cabernet","50% flowering",41.427304964539,1.43617021276596,11.2677304964539,6,"Ruby Cabernet"
"12.7.R7","Gamay Noir","50% flowering",30.8546255506608,0.929515418502203,11.3348017621145,4,"Gamay Noir"
"24.1.R7","Barbera","50% flowering",36.4609494640123,1.28790199081164,9.41500765696784,5,"Barbera"
"19.9.R4","Syrah","50% flowering",34.6060606060606,1.28787878787879,7.56060606060606,5,"Syrah"
"12.5.R5","Chardonnay","50% flowering",40.3091247672253,1.45810055865922,9.68901303538176,6,"Chardonnay"
"12.5.R5","Chardonnay","50% flowering",40.3091247672253,1.45810055865922,9.68901303538176,6,NA
"32.5.R4","Rkatsiteli","50% flowering",43.1666666666667,1.5,11.6666666666667,6,"Rkatsiteli"
"18.5.R3","Durif1","50% flowering",33.0337078651685,1.23595505617978,7.07865168539325,5,"Durif1"
"20.2.R4","Valdepenas","50% flowering",60.9103644782144,2.60168586014484,6.27496141517273,8,"Valdepenas"
"24.1.R3","Barbera","50% flowering",34.7853810264386,1.28304821150855,7.84136858475894,5,"Barbera"
"24.1.R2","Barbera","50% flowering",33.0337078651685,1.23595505617978,7.07865168539325,5,"Barbera"
"38.7.R2","Verdelho","50% flowering",85.3003817890718,4.37378381706967,-6.5490783693912,17,"Verdelho"
"22.9.R7","Durif2","50% flowering",53.3266379722621,2.17455762792922,7.66092778574845,10,"Durif2"
"21.7.R2","Chasselas doree","50% flowering",41.9818181818182,1.86818181818182,2.74999999999999,7,"Chasselas doree"
"21.7.R3","Chasselas doree","50% flowering",39.0373831775701,1.59345794392523,5.57476635514019,6,"Chasselas doree"
"12.7.R3","Gamay Noir","50% flowering",39.3828828828829,1.58108108108108,6.18018018018018,6,"Gamay Noir"
"18.5.R5","Durif1","50% flowering",67.2098480880042,2.96511262441069,4.94248297537979,10,"Durif1"
"21.7.R4","Chasselas doree","50% flowering",42.875,1.78125,5.46874999999999,7,"Chasselas doree"
"27.1.R4","Coda di Volpe","50% flowering",29.207171314741,0.912350597609562,10.0478087649402,4,"Coda di Volpe"
"12.7.R5","Gamay Noir","50% flowering",67.5075376884422,3.2070351758794,0.15979899497487,12,"Gamay Noir"
"21.9.R1","Gruner Veltiner","50% flowering",84.9484860401101,4.05505308690523,-0.207628784899704,16,"Gruner Veltiner"
"34.1.R6","Macabeo","50% flowering",53.0653235653236,2.13797313797314,8.16788766788767,8,"Macabeo"
"13.5.R2","Pinot  Meunier","50% flowering",55.6531717524366,2.62171718867143,0.597110790336501,25,"Pinot  Meunier"
"39.7.R6","Carnelian","50% flowering",52.6016042780749,2.1951871657754,6.50267379679144,8,"Carnelian"
"20.2.R5","Valdepenas","50% flowering",48.4880078316202,1.88325991189427,8.93954968184043,9,"Valdepenas"
"32.3.R3","Zinfandel/Primitivo","50% flowering",31.2277158774373,1.20473537604457,5.92827298050139,5,"Zinfandel/Primitivo"
"13.5.R3","Pinot  Meunier","50% flowering",37.9323467230444,1.50105708245243,6.41014799154335,6,"Pinot  Meunier"
"18.1.R1","Cinsault","50% flowering",51.5013089005236,1.95898778359511,10.3625654450262,7,"Cinsault"
"24.1.R1","Barbera","50% flowering",32.7466216216216,1.20945945945946,7.34797297297297,5,"Barbera"
"21.7.R5","Chasselas doree","50% flowering",31.7945544554455,1.12623762376238,8.14356435643564,5,"Chasselas doree"
"20.4.R3","Viognier","50% flowering",38.0352278064819,1.43541568811649,7.8914983560357,6,"Viognier"
"34.7.R4","Palomino","50% flowering",37.6162978953049,1.55855369670804,4.88667026443605,6,"Palomino"
"12.7.R8","Gamay Noir","50% flowering",42.6747311827957,1.58870967741935,9.31182795698925,6,"Gamay Noir"
"24.1.R4","Barbera","50% flowering",64.241930171278,3.32957839262187,-5.6792160737813,17,"Barbera"
"28.7.R4","Refosco","50% flowering",38.4455958549223,1.22538860103627,12.7124352331606,5,"Refosco"
"12.10.R2","Melon","50% flowering",34.6194125159642,1.16347381864623,10.1864623243934,5,"Melon"
"40.9.R2","Ruby Cabernet","50% flowering",74.7931151817615,3.7433221800034,-3.81665059830999,23,"Ruby Cabernet"
"22.9.R6","Durif2","50% flowering",37.5975177304964,1.41489361702128,7.88475177304965,6,"Durif2"
"15.3.R3","Merlot","50% flowering",33.9763513513514,1.36824324324324,5.24324324324324,5,"Merlot"
"29.3.R5","Schiopettino","50% flowering",45.4893248701673,1.65377957299481,10.7599538372764,6,"Schiopettino"
"39.7.R5","Carnelian","50% flowering",36.377245508982,1.24850299401198,10.1586826347305,5,"Carnelian"
"21.9.R8","Gruner Veltiner","50% flowering",53.8110661268556,2.29689608636977,5.57624831309041,9,"Gruner Veltiner"
"22.1.R1","Rotgipfler","50% flowering",32.3886010362694,1.17875647668394,7.63471502590673,5,"Rotgipfler"
"32.3.R6","Zinfandel/Primitivo","50% flowering",38.7645939086294,1.22208121827411,13.1008883248731,5,"Zinfandel/Primitivo"
"20.4.R2","Viognier","50% flowering",33.6050955414013,1.28980891719745,6.51910828025478,5,"Viognier"
"17.3.R7","Alicante Bouchet","50% flowering",36.1741573033708,1.21910112359551,10.5730337078652,5,"Alicante Bouchet"
"12.3.R3","Auxerrois","50% flowering",34.0244755244755,1.20629370629371,8.69230769230769,5,"Auxerrois"
"24.9.R1","Dolcetto","50% flowering",39.7133087848501,1.51078379800105,7.98684902682799,6,"Dolcetto"
"16.1.R4","Sauvignon blanc","50% flowering",45.6737918215613,1.68122676579926,10.368029739777,7,"Sauvignon blanc"
"18.1.R3","Cinsault","50% flowering",34.9770341207349,1.16404199475066,10.5321522309711,5,"Cinsault"
"19.7.R4","Roussanne","50% flowering",45.2251443232841,1.64015394483643,10.7819114817191,7,"Roussanne"
"28.7.R3","Refosco","50% flowering",39.0100913022585,1.46660259490629,8.21143680922634,6,"Refosco"
"13.3.R1","Pinot gris","50% flowering",38.0342146189736,1.27371695178849,11.2861586314152,5,"Pinot gris"
"44.1.R3","Ruby Seedless","50% flowering",35.258019525802,1.2231520223152,9.57182705718271,5,"Ruby Seedless"
"12.5.R2","Chardonnay","50% flowering",34.125,1.28184713375796,7.2062101910828,5,"Chardonnay"
"19.9.R1","Syrah","50% flowering",43.744711889132,1.78847556528082,6.18672501823486,7,"Syrah"
"14.1.R3","Cabernet Sauvignon","50% flowering",57.7939156035329,2.64965652600589,2.15112855740926,17,"Cabernet Sauvignon"
"34.5.R2","Morrastel","50% flowering",35.6269430051814,1.16839378238342,11.0906735751295,5,"Morrastel"
"15.3.R1","Merlot","50% flowering",44.4035216434336,1.78136463683052,6.99486426999265,7,"Merlot"
"22.1.R4","Rotgipfler","50% flowering",48.6044469530137,2.02807335714418,6.01490645298591,19,"Rotgipfler"
"22.9.R5","Durif2","50% flowering",43.1561892417369,1.66753078418665,8.13804277381723,7,"Durif2"
"17.3.R5","Alicante Bouchet","50% flowering",39.4247339077547,1.52458185504308,7.40851495184998,6,"Alicante Bouchet"
"18.7.R9","Marsanne","50% flowering",34.2372881355932,0.983050847457627,13.5932203389831,4,"Marsanne"
"17.2.R2","Ugni blanc/Trebbiano","50% flowering",41.4786135693215,1.31710914454277,13.8193215339233,5,"Ugni blanc/Trebbiano"
"29.3.R7","Schiopettino","50% flowering",43.5305084745763,1.69966101694915,7.83762711864406,7,"Schiopettino"
"13.5.R4","Pinot  Meunier","50% flowering",37.851106639839,1.37223340040241,9.03420523138834,6,"Pinot  Meunier"
"14.3.R1","Carmenere","50% flowering",37.0141530296329,1.41530296329058,7.29279080053074,6,"Carmenere"
"24.9.R2","Dolcetto","50% flowering",39.1349633251834,1.45916870415648,8.49242053789732,6,"Dolcetto"
"12.10.R1","Melon","50% flowering",49.0272727272727,1.98181818181818,7.40909090909091,6,"Melon"
"16.1.R3","Sauvignon blanc","50% flowering",64.0265594829964,2.86665090436222,3.82689049138986,15,"Sauvignon blanc"
"18.5.R4","Durif1","50% flowering",57.6746092749167,2.80655905713554,-1.26313092492955,8,"Durif1"
"18.7.R5","Marsanne","50% flowering",56.3141854571447,2.6548833582429,0.56163493404378,24,"Marsanne"
"18.5.R8","Durif1","50% flowering",56.0369761421675,2.84926187644301,-3.79752326313579,17,"Durif1"
"14.3.R2","Carmenere","50% flowering",38.6909788867562,1.42418426103647,8.78310940499041,6,"Carmenere"
"32.5.R3","Rkatsiteli","50% flowering",43.2211472011057,1.69384934346925,7.65031098825155,7,"Rkatsiteli"
"12.3.R1","Auxerrois","50% flowering",37.0508624502433,1.33303847854931,9.05705440070765,6,"Auxerrois"
"12.1.R3","Aligote","50% flowering",35.3170936581268,1.30617387652247,7.88744225115498,6,"Aligote"
"25.9.R2","Nebbiolo","50% flowering",29.9787234042553,1.09574468085106,6.96808510638297,5,"Nebbiolo"
"18.3.R4","Counoise","50% flowering",37.191235059761,0.99601593625498,16.2749003984064,4,"Counoise"
"29.7.R3","Tocai Friulano","50% flowering",40.6833910034602,1.41868512110727,10.8910034602076,6,"Tocai Friulano"
"13.5.R6","Pinot  Meunier","50% flowering",38.2333333333333,1.4,8.83333333333334,6,"Pinot  Meunier"
"12.5.R3","Chardonnay","50% flowering",38.1439539347409,1.38003838771593,9.16314779270634,6,"Chardonnay"
"22.9.R2","Durif2","50% flowering",39.4492600422833,1.50739957716702,7.7938689217759,6,"Durif2"
"17.2.R5","Ugni blanc/Trebbiano","50% flowering",39.8756476683938,1.22279792746114,14.1968911917098,5,"Ugni blanc/Trebbiano"
"20.5.R5","Gewurtztraminer","50% flowering",40.9245283018868,1.72075471698113,4.78867924528301,7,"Gewurtztraminer"
"26.6.R2","Sangiovese","50% flowering",36.0816139385603,1.37276478679505,7.25355341586429,6,"Sangiovese"
"14.3.R4","Carmenere","50% flowering",38.3872255489022,1.45508982035928,7.83033932135729,6,"Carmenere"
"21.7.R7","Chasselas doree","50% flowering",25.6320754716981,0.905660377358491,6.61320754716981,4,"Chasselas doree"
"20.5.R3","Gewurtztraminer","50% flowering",89.8603773584906,4.27924528301887,-0.00377358490566681,10,"Gewurtztraminer"
"22.7.R4","Furmint","50% flowering",38.8577235772358,1.4390243902439,8.63821138211383,6,"Furmint"
"38.7.R3","Verdelho","50% flowering",63.7975755805462,3.21074923324084,-3.62815831751132,9,"Verdelho"
"19.9.R2","Syrah","50% flowering",36.8333333333333,1.4,7.43333333333334,6,"Syrah"
"17.3.R3","Alicante Bouchet","50% flowering",36.064631956912,1.33393177737881,8.05206463195691,6,"Alicante Bouchet"
"22.1.R2","Rotgipfler","50% flowering",31.699481865285,1.12176165803109,8.14248704663212,5,"Rotgipfler"
"16.1.R5","Sauvignon blanc","50% flowering",45.6565349544073,1.75531914893617,8.79483282674772,7,"Sauvignon blanc"
"44.1.R5","Ruby Seedless","50% flowering",34.9770341207349,1.16404199475066,10.5321522309711,5,"Ruby Seedless"
"32.5.R5","Rkatsiteli","50% flowering",42.4702495201536,1.44145873320537,12.1996161228407,6,"Rkatsiteli"
"35.3.R5","Tempranillo","50% flowering",27.5,1.5,-4,2,"Tempranillo"
"34.7.R2","Palomino","50% flowering",42.0742268041237,1.54432989690722,9.64329896907218,6,"Palomino"
"40.9.R1","Ruby Cabernet","50% flowering",39.1540443070582,1.4806800618238,8.05976300875838,6,"Ruby Cabernet"
"42.7.R1","Early Muscat","50% flowering",38.0799086757991,1.53424657534247,5.86073059360731,6,"Early Muscat"
"25.9.R3","Nebbiolo","50% flowering",38.0240360540811,1.47120681021532,7.12869303955935,6,"Nebbiolo"
"17.2.R4","Ugni blanc/Trebbiano","50% flowering",40.3960674157303,1.27247191011236,13.6741573033708,5,"Ugni blanc/Trebbiano"
"21.9.R3","Gruner Veltiner","50% flowering",55.6657303370787,2.34269662921348,6.4691011235955,5,"Gruner Veltiner"
"12.7.R2","Gamay Noir","50% flowering",48.7763046544429,2.37404795486601,-1.07870239774326,23,"Gamay Noir"
"44.1.R1","Ruby Seedless","50% flowering",33.8898678414097,0.916299559471366,14.647577092511,4,"Ruby Seedless"
"20.5.R7","Gewurtztraminer","50% flowering",42.3861209964413,1.69466192170819,6.7982206405694,7,"Gewurtztraminer"
"14.1.R6","Cabernet Sauvignon","50% flowering",31.699481865285,1.12176165803109,8.14248704663212,5,"Cabernet Sauvignon"
"39.3.R2","Calzin","50% flowering",37.690074906367,1.41011235955056,8.07771535580525,6,"Calzin"
"24.9.R4","Dolcetto","50% flowering",43.5900809716599,1.66329284750337,8.66093117408907,7,"Dolcetto"
"UNLABELED 1",NA,"50% flowering",38.8577235772358,1.4390243902439,8.63821138211383,6,NA
"27.1.R3","Coda di Volpe","50% flowering",37.0221631205674,1.36702127659574,8.31471631205674,6,"Coda di Volpe"
"18.3.R1","Counoise","50% flowering",43.0199600798403,1.53892215568862,10.7025948103792,6,"Counoise"
"14.1.R10","Cabernet Sauvignon","50% flowering",36.1741573033708,1.21910112359551,10.5730337078652,5,"Cabernet Sauvignon"
"39.7.R4","Carnelian","50% flowering",39.745995423341,1.5766590389016,6.63615560640732,6,"Carnelian"
"42.7.R6","Early Muscat","50% flowering",39.1782178217822,1.62871287128713,4.97524752475248,6,"Early Muscat"
"17.3.R4","Alicante Bouchet","50% flowering",32.8853503184713,1.22929936305733,7.07006369426751,5,"Alicante Bouchet"
"22.1.R7","Rotgipfler","50% flowering",36.3892405063291,1.3006329113924,9.07594936708861,5,"Rotgipfler"
"14.1.R1","Cabernet Sauvignon","50% flowering",41.7372587827808,1.51311232063335,9.96190004948046,6,"Cabernet Sauvignon"
"18.5.R2","Durif1","50% flowering",32.0924855491329,1.16184971098266,7.69364161849711,5,"Durif1"
"24.1.R9","Barbera","50% flowering",35.7240773286467,1.34094903339191,7.56414762741653,6,"Barbera"
"12.1.R1","Aligote","50% flowering",49.0447227191413,2.06887298747764,5.59838998211092,9,"Aligote"
"22.9.R3","Durif2","50% flowering",41.1751608114795,1.50915388421573,9.48292924294905,6,"Durif2"
"24.1.R8","Barbera","50% flowering",40.1945031712474,1.52008456659619,8.27272727272728,6,"Barbera"
"26.6.R1","Sangiovese","50% flowering",31.699481865285,1.12176165803109,8.14248704663212,5,"Sangiovese"
"13.3.R3","Pinot gris","50% flowering",44.566091954023,1.74137931034483,7.99712643678161,6,"Pinot gris"
"13.9.R2","Cabernet franc","50% flowering",32.0924855491329,1.16184971098266,7.69364161849711,5,"Cabernet franc"
"15.3.R2","Merlot","50% flowering",43.5840336134454,1.59243697478992,10.1428571428571,6,"Merlot"
"20.5.R2","Gewurtztraminer","50% flowering",32.0040540540541,1.14864864864865,7.88243243243243,5,"Gewurtztraminer"
"40.9.R3","Ruby Cabernet","50% flowering",59.4385623287897,2.40608600943926,8.91075613056535,20,"Ruby Cabernet"
"38.7.R6","Verdelho","50% flowering",46.0391440501044,2.07646137787056,2.43345511482255,9,"Verdelho"
"20.2.R6","Valdepenas","50% flowering",54.6432225063939,2.22122762148338,7.99744245524295,10,"Valdepenas"
"34.5.R1","Morrastel","50% flowering",40.2766798418972,1.4901185770751,8.98418972332017,6,"Morrastel"
"29.3.R8","Schiopettino","50% flowering",40.3256997455471,1.58015267175572,7.14249363867685,6,"Schiopettino"
"26.6.R6","Sangiovese","50% flowering",41.1934942991281,1.62910798122066,6.9822266934943,7,"Sangiovese"
"16.1.R6","Sauvignon blanc","50% flowering",41.6787823716492,1.4602453430259,11.0136301681054,6,"Sauvignon blanc"
"42.7.R4","Early Muscat","50% flowering",24.8406374501992,0.836653386454183,7.27091633466136,4,"Early Muscat"
"32.7.R4","Pinotage","50% flowering",48.5083056478405,1.90697674418605,8.46179401993355,7,"Pinotage"
"18.3.R6","Counoise","50% flowering",39.1276595744681,1.25531914893617,12.7659574468085,5,"Counoise"
"29.3.R1","Schiopettino","50% flowering",39.1540443070582,1.4806800618238,8.05976300875838,6,"Schiopettino"
"12.7.R1","Gamay Noir","50% flowering",75.3480445151033,3.89335453100159,-6.41240063593,22,"Gamay Noir"
"19.9.R5","Syrah","50% flowering",32.5886075949367,1.25949367088608,6.13924050632911,5,"Syrah"
"40.9.R7","Ruby Cabernet","50% flowering",31.4720588235294,1.19117647058824,6.45735294117647,5,"Ruby Cabernet"
"18.7.R2","Marsanne","50% flowering",25.4836065573771,0.78688524590164,8.95901639344262,4,"Marsanne"
"34.1.R3","Macabeo","50% flowering",44.6059701492537,1.75223880597015,7.8089552238806,7,"Macabeo"
"32.3.R2","Zinfandel/Primitivo","50% flowering",47.1014018691589,1.99719626168224,5.16028037383178,7,"Zinfandel/Primitivo"
"22.7.R8","Furmint","50% flowering",38.5623471882641,1.41320293398533,8.88508557457213,6,"Furmint"
"17.3.R6","Alicante Bouchet","50% flowering",36.983660130719,1.1797385620915,12.2091503267974,5,"Alicante Bouchet"
"14.1.R7","Cabernet Sauvignon","50% flowering",34.7960358056266,1.16751918158568,10.2781329923274,5,"Cabernet Sauvignon"
"35.3.R6","Tempranillo","50% flowering",50.5316901408451,2.15076824583867,5.36555697823304,15,"Tempranillo"
"20.4.R6","Viognier","50% flowering",35.1163366336634,1.12128712871287,11.5693069306931,5,"Viognier"
"42.7.R2","Early Muscat","50% flowering",31.4564315352697,1.16597510373444,6.97095435684647,5,"Early Muscat"
"16.1.R7","Sauvignon blanc","50% flowering",59.1961017352032,2.6170667934395,4.23769907297362,8,"Sauvignon blanc"
"17.3.R2","Alicante Bouchet","50% flowering",38.3053633217993,1.43771626297578,8.11332179930796,6,"Alicante Bouchet"
"21.9.R4","Gruner Veltiner","50% flowering",40.5389221556886,1.55089820359281,7.97005988023953,6,"Gruner Veltiner"
"28.7.R5","Refosco","50% flowering",40.9071146245059,1.54150197628458,8.53557312252965,6,"Refosco"
"14.1.R5","Cabernet Sauvignon","50% flowering",45.6891495601173,1.8533724340176,6.7683284457478,7,"Cabernet Sauvignon"
"27.1.R1","Coda di Volpe","50% flowering",32.4460580912863,1.01244813278008,11.1846473029046,4,"Coda di Volpe"
"20.4.R4","Viognier","50% flowering",41.2459893048128,1.46524064171123,10.475935828877,6,"Viognier"
"19.9.R9","Syrah","50% flowering",39.6848739495798,1.56302521008403,6.86134453781513,6,"Syrah"
"18.1.R7","Cinsault","50% flowering",35.5106382978723,1.20212765957447,10.2659574468085,5,"Cinsault"
"44.1.R6","Ruby Seedless","50% flowering",37.9691011235955,1.28370786516854,11.0112359550562,5,"Ruby Seedless"
"18.7.R1","Marsanne","50% flowering",66.3548934437356,3.22790823944618,-1.43117958463417,20,"Marsanne"
"39.7.R8","Carnelian","50% flowering",54.9001975561572,2.51042657496159,2.18123948196382,24,"Carnelian"
"43.3.R3","July Muscat","50% flowering",33.6735822959889,1.27524204702628,6.89349930843706,5,"July Muscat"
"19.7.R2","Roussanne","50% flowering",57.1855421686747,2.51004016064257,4.47469879518071,10,"Roussanne"
"18.5.R1","Durif1","50% flowering",51.2999388859787,2.38982015016588,1.11371573249519,10,"Durif1"
"12.7.R6","Gamay Noir","50% flowering",67.0119356032568,3.18079200592154,0.215303478904507,18,"Gamay Noir"
"13.3.R6","Pinot gris","50% flowering",125.133746233679,6.47070639437562,-10.7510880482088,24,"Pinot gris"
"13.9.R3","Cabernet franc","50% flowering",37.3160621761658,1.22538860103627,11.5829015544041,5,"Cabernet franc"
"25.9.R1","Nebbiolo","50% flowering",37.7325581395349,1.31976744186046,10.0174418604651,5,"Nebbiolo"
"28.7.R1","Refosco","50% flowering",28.6396396396396,1.00900900900901,7.45045045045045,4,"Refosco"
"12.3.R5","Auxerrois","50% flowering",35.75,1.375,6.875,6,"Auxerrois"
"21.9.R2","Gruner Veltiner","50% flowering",46.0377358490566,1.79874213836478,8.26415094339622,7,"Gruner Veltiner"
"18.7.R8","Marsanne","50% flowering",26.8333333333333,0.607142857142857,14.0833333333333,3,"Marsanne"
"20.2.R2","Valdepenas","50% flowering",66.780487804878,2.80487804878049,7.87804878048783,12,"Valdepenas"
"22.9.R4","Durif2","50% flowering",38.3702346041056,1.33577712609971,10.3189149560117,5,"Durif2"
"43.3.R1","July Muscat","50% flowering",27.1035856573705,0.956175298804781,7.02390438247012,4,"July Muscat"
"29.7.R4","Tocai Friulano","50% flowering",37.6797297297297,1.25675675675676,11.2878378378378,5,"Tocai Friulano"
"12.5.R6","Chardonnay","50% flowering",32.3404255319149,1.21808510638298,6.76063829787234,5,"Chardonnay"
"13.3.R7","Pinot gris","50% flowering",40.890243902439,1.52439024390244,8.87804878048781,6,"Pinot gris"
"13.5.R5","Pinot  Meunier","50% flowering",50.0673778775969,2.18556990454801,4.17040988208872,15,"Pinot  Meunier"
"27.1.R5","Coda di Volpe","50% flowering",33.8756476683938,1.22279792746114,8.19689119170984,5,"Coda di Volpe"
"18.7.R3","Marsanne","50% flowering",30.6176470588235,0.941176470588235,10.8529411764706,4,"Marsanne"
"22.7.R2","Furmint","50% flowering",61.8238341968912,2.45077720207254,10.3575129533679,5,"Furmint"
"21.9.R7","Gruner Veltiner","50% flowering",34.4186046511628,1.32558139534884,6.58139534883721,5,"Gruner Veltiner"
"15.3.R4","Merlot","50% flowering",32.3404255319149,1.21808510638298,6.76063829787234,5,"Merlot"
"32.7.R1","Pinotage","50% flowering",53.6823105571919,2.36722572478762,3.97057033665197,22,"Pinotage"
"32.5.R1","Rkatsiteli","50% flowering",39.0128261831048,1.41441839893852,9.31003980539584,6,"Rkatsiteli"
"17.3.R8","Alicante Bouchet","50% flowering",39.5221238938053,1.60619469026549,5.79203539823009,6,"Alicante Bouchet"
"23.7.R8","Szagos feher","50% flowering",39.3404255319149,1.21808510638298,13.7606382978723,5,"Szagos feher"
"32.3.R4","Zinfandel/Primitivo","50% flowering",40.8756476683938,1.22279792746114,15.1968911917098,5,"Zinfandel/Primitivo"
"18.7.R7","Marsanne","50% flowering",32.9495472186287,1.19404915912031,7.8745148771022,5,"Marsanne"
"13.5.R1","Pinot  Meunier","50% flowering",63.8104860151016,2.7501861108157,6.05657768797191,15,"Pinot  Meunier"
"26.6.R3","Sangiovese","50% flowering",40.2112676056338,1.56338028169014,7.38028169014085,6,"Sangiovese"
"20.2.R1","Valdepenas","50% flowering",55.7219146276121,2.26004643686373,8.26093945347384,8,"Valdepenas"
"23.7.R5","Szagos feher","50% flowering",43.8556701030928,1.60824742268041,10.0824742268041,6,"Szagos feher"
"20.4.R5","Viognier","50% flowering",43.976889214967,1.78943506969919,6.39875275128392,7,"Viognier"
"43.3.R5","July Muscat","50% flowering",32.921511627907,1.27616279069767,6.12209302325581,5,"July Muscat"
"12.3.R4","Auxerrois","50% flowering",35.9859154929577,1.15492957746479,11.7323943661972,5,"Auxerrois"
"39.3.R3","Calzin","50% flowering",53.0409973929863,2.43230174081238,1.96266083592635,23,"Calzin"
"23.7.R1","Szagos feher","50% flowering",34.4186046511628,1.32558139534884,6.58139534883721,5,"Szagos feher"
"UNLABELED 3",NA,"50% flowering",42.0116071428571,1.48392857142857,10.8491071428571,6,NA
"27.1.R2","Coda di Volpe","50% flowering",34.8898678414097,0.916299559471366,15.647577092511,4,"Coda di Volpe"
"18.3.R7","Counoise","50% flowering",44.1740506329114,1.31329113924051,16.5949367088608,5,"Counoise"
"UNLABELED 2",NA,"50% flowering",59.8760029956135,2.44035519417995,8.62854391783461,12,NA
"21.9.R5","Gruner Veltiner","50% flowering",45.5182186234818,1.74089068825911,8.95951417004048,7,"Gruner Veltiner"
"34.1.R5","Macabeo","50% flowering",79.830829085055,3.86772202844111,-1.39133351220821,15,"Macabeo"
"42.7.R3","Early Muscat","50% flowering",27.1035856573705,0.956175298804781,7.02390438247012,4,"Early Muscat"
"39.7.R7","Carnelian","50% flowering",34.2947976878613,1.26589595375722,7.71098265895954,5,"Carnelian"
"34.5.R4","Morrastel","50% flowering",31.9613924050633,1.18354430379747,7.10696202531645,5,"Morrastel"
"35.3.R4","Tempranillo","50% flowering",37.9691011235955,1.28370786516854,11.0112359550562,5,"Tempranillo"
"18.7.R6","Marsanne","50% flowering",39,1.5,7.50000000000001,6,"Marsanne"
"18.3.R5","Counoise","50% flowering",34.1035856573705,0.956175298804781,14.0239043824701,4,"Counoise"
"12.3.R2","Auxerrois","50% flowering",52.5726429675425,2.31993817619784,3.85394126738793,12,"Auxerrois"
"13.9.R6","Cabernet franc","50% flowering",38.671511627907,1.52906976744186,6.56104651162791,6,"Cabernet franc"
"14.3.R7","Carmenere","50% flowering",36.220802919708,1.19343065693431,11.1587591240876,5,"Carmenere"
"32.7.R3","Pinotage","50% flowering",82.1461640798226,4.67874057649668,-16.1073880266076,24,"Pinotage"
"19.7.R5","Roussanne","50% flowering",34.6065573770492,0.885245901639345,16.0163934426229,4,"Roussanne"
"19.9.R3","Syrah","50% flowering",64.1105882352941,2.80941176470588,5.11294117647059,7,"Syrah"
"18.1.R8","Cinsault","50% flowering",33.6764705882353,0.911764705882353,14.5294117647059,4,"Cinsault"
"34.5.R6","Morrastel","50% flowering",42.7374604609128,1.50745594215996,11.0808856755535,6,"Morrastel"
"13.9.R7","Cabernet franc","50% flowering",26.6466165413534,0.909774436090225,7.54135338345865,4,"Cabernet franc"
"20.5.R9","Gewurtztraminer","50% flowering",27.1035856573705,0.956175298804781,7.02390438247012,4,"Gewurtztraminer"
"26.6.R7","Sangiovese","50% flowering",27.1035856573705,0.956175298804781,7.02390438247012,4,"Sangiovese"
"24.1.R5","Barbera","50% flowering",34.4186046511628,1.32558139534884,6.58139534883721,5,"Barbera"
"29.7.R6","Tocai Friulano","50% flowering",42.6398104265403,1.45282205945713,12.1305471779405,6,"Tocai Friulano"
"12.1.R4","Aligote","50% flowering",42.6231101511879,1.74730021598272,5.92980561555075,7,"Aligote"
"22.7.R6","Furmint","50% flowering",40.1,1.475,9.125,6,"Furmint"
"14.3.R6","Carmenere","50% flowering",40.8756476683938,1.22279792746114,15.1968911917098,5,"Carmenere"
"25.9.R5","Nebbiolo","50% flowering",38.5546218487395,1.46218487394958,7.84873949579832,6,"Nebbiolo"
"13.9.R4","Cabernet franc","50% flowering",79.0162664601084,3.79163439194423,-0.608055770720354,15,"Cabernet franc"
"13.3.R4","Pinot gris","50% flowering",69.2392846585871,3.35707951522317,-1.25938516109962,14,"Pinot gris"
"13.3.R2","Pinot gris","50% flowering",32.921511627907,1.27616279069767,6.12209302325581,5,"Pinot gris"
"24.9.R7","Dolcetto","50% flowering",59.5770528683914,2.4578177727784,7.962879640045,11,"Dolcetto"
"14.1.R8","Cabernet Sauvignon","50% flowering",31.191235059761,0.99601593625498,10.2749003984064,4,"Cabernet Sauvignon"
"42.7.R5","Early Muscat","50% flowering",39.3645116918845,1.49931224209078,7.878954607978,6,"Early Muscat"
"20.5.R6","Gewurtztraminer","50% flowering",37.8672768878719,1.54462242562929,5.43020594965675,6,"Gewurtztraminer"
"12.10.R4","Melon","50% flowering",28.2372881355932,0.983050847457627,7.59322033898305,4,"Melon"
"19.9.R7","Syrah","50% flowering",40.0852925095681,1.6172772006561,6.12247129579005,6,"Syrah"
"22.7.R1","Furmint","50% flowering",41.7570093457944,1.61214953271028,7.90186915887851,6,"Furmint"
"24.9.R3","Dolcetto","50% flowering",34.2947976878613,1.26589595375722,7.71098265895954,5,"Dolcetto"
"19.7.R6","Roussanne","50% flowering",40.890243902439,1.52439024390244,8.87804878048781,6,"Roussanne"
"21.7.R6","Chasselas doree","50% flowering",28.9261083743842,1.04433497536946,6.99507389162562,4,"Chasselas doree"
"40.9.R4","Ruby Cabernet","50% flowering",32.6784140969163,0.995594713656388,11.7709251101322,4,"Ruby Cabernet"
"38.7.R4","Verdelho","50% flowering",59.2491345044236,2.80164123605591,0.414668547249636,17,"Verdelho"
"39.3.R5","Calzin","50% flowering",57.3341016428265,2.39547601292568,7.02910537138727,22,"Calzin"
"20.5.R8","Gewurtztraminer","50% flowering",32.3404255319149,1.21808510638298,6.76063829787234,5,"Gewurtztraminer"
"32.7.R5","Pinotage","50% flowering",40.7452830188679,1.61635220125786,6.80188679245284,6,"Pinotage"
"20.4.R1","Viognier","50% flowering",40.890243902439,1.52439024390244,8.87804878048781,6,"Viognier"
"15.3.R6","Merlot","50% flowering",39.8692628650904,1.43810848400556,9.66898470097358,6,"Merlot"
"13.3.R9","Pinot gris","50% flowering",34.2947976878613,1.26589595375722,7.71098265895954,5,"Pinot gris"
"18.3.R2","Counoise","50% flowering",37.3160621761658,1.22538860103627,11.5829015544041,5,"Counoise"
"38.7.R5","Verdelho","50% flowering",55.2109561960254,2.60139423577151,0.58167724482366,18,"Verdelho"
"29.7.R2","Tocai Friulano","50% flowering",37.0678934010152,1.20177664974619,11.8305837563452,5,"Tocai Friulano"
"15.3.R5","Merlot","50% flowering",40.0518234165067,1.45681381957773,9.45873320537428,6,"Merlot"
"28.7.R6","Refosco","50% flowering",40.9057273188038,1.56614292954891,8.01672579827674,6,"Refosco"
"22.9.R8","Durif2","50% flowering",37.8506151142355,1.43936731107206,7.62390158172232,6,"Durif2"
"26.6.R5","Sangiovese","50% flowering",41.2124430955994,1.5690440060698,8.26251896813354,6,"Sangiovese"
"32.7.R2","Pinotage","50% flowering",75.8591534405519,3.98305823895548,-7.78506957751325,24,"Pinotage"
"34.7.R6","Palomino","50% flowering",35.4738372093023,1.27616279069767,8.67441860465116,5,"Palomino"
"39.3.R1","Calzin","50% flowering",34.5945945945946,0.926640926640927,15.1351351351351,4,"Calzin"
"35.3.R2","Tempranillo","50% flowering",35.3181137724551,1.30688622754491,7.87350299401197,5,"Tempranillo"
"24.1.R6","Barbera","50% flowering",37.6923076923077,1.4367666232073,7.52020860495437,6,"Barbera"
"14.3.R8","Carmenere","50% flowering",45.0923787528868,1.5635103926097,12.2586605080831,5,"Carmenere"
"29.3.R2","Schiopettino","50% flowering",34.3960674157303,1.27247191011236,7.67415730337078,5,"Schiopettino"
"40.9.R5","Ruby Cabernet","50% flowering",49.1421471172962,1.77833001988072,11.7972166998012,13,"Ruby Cabernet"
"12.5.R4","Chardonnay","50% flowering",38.203233256351,1.48822170900693,6.95057736720555,6,"Chardonnay"
"28.7.R2","Refosco","50% flowering",40.890243902439,1.52439024390244,8.87804878048781,6,"Refosco"
"35.3.R3","Tempranillo","50% flowering",39.6495176848875,1.48553054662379,8.45337620578778,6,"Tempranillo"
"43.3.R4","July Muscat","50% flowering",27.8265835929387,0.980269989615784,7.24091381100727,4,"July Muscat"
"19.7.R1","Roussanne","50% flowering",37.3160621761658,1.22538860103627,11.5829015544041,5,"Roussanne"
"16.1.R1","Sauvignon blanc","50% flowering",57.1976828385228,2.54067101134444,3.84359160028964,8,"Sauvignon blanc"
"19.7.R3","Roussanne","50% flowering",44.2223296278395,1.5543740937651,11.5804736587724,6,"Roussanne"
"39.7.R3","Carnelian","50% flowering",33.8756476683938,1.22279792746114,8.19689119170984,5,"Carnelian"
"13.9.R5","Cabernet franc","50% flowering",119.224041533546,6.1641373801917,-10.2228434504793,23,"Cabernet franc"
"40.9.R8","Ruby Cabernet","50% flowering",49.6530454498609,1.7742450788416,12.3938987941873,17,"Ruby Cabernet"
"16.1.R2","Sauvignon blanc","50% flowering",37.3160621761658,1.22538860103627,11.5829015544041,5,"Sauvignon blanc"
"18.5.R7","Durif1","50% flowering",83.9524862377042,4.46539121017959,-9.82072917606714,15,"Durif1"
"20.4.R8","Viognier","50% flowering",42.0116071428571,1.48392857142857,10.8491071428571,6,"Viognier"
"39.3.R4","Calzin","50% flowering",73.8951864629538,3.61409561360276,-2.00082142270415,21,"Calzin"
"44.1.R2","Ruby Seedless","50% flowering",37.1576011157601,1.29846582984658,9.88981868898187,5,"Ruby Seedless"
"12.10.R5","Melon","50% flowering",49.7647058823529,1.94117647058824,8.99999999999999,6,"Melon"
"18.3.R9","Counoise","50% flowering",37.9691011235955,1.28370786516854,11.0112359550562,5,"Counoise"
"35.3.R1","Tempranillo","50% flowering",38.3304042179262,1.43936731107206,8.10369068541301,6,"Tempranillo"
"20.5.R1","Gewurtztraminer","50% flowering",33.55,1.25,7.29999999999999,5,"Gewurtztraminer"
"22.1.R3","Rotgipfler","50% flowering",37.9691011235955,1.28370786516854,11.0112359550562,5,"Rotgipfler"
"12.1.R2","Aligote","50% flowering",38.3053633217993,1.43771626297578,8.11332179930796,6,"Aligote"
"21.7.R1","Chasselas doree","50% flowering",33.8756476683938,1.22279792746114,8.19689119170984,5,"Chasselas doree"
"17.2.R3","Ugni blanc/Trebbiano","50% flowering",45.38125,1.6375,10.99375,6,"Ugni blanc/Trebbiano"
"25.9.R6","Nebbiolo","50% flowering",38.3053633217993,1.43771626297578,8.11332179930796,6,"Nebbiolo"
"23.7.R3","Szagos feher","50% flowering",76.7962810014866,4.14590461807112,-10.2677159780069,25,"Szagos feher"
"34.5.R5","Morrastel","50% flowering",37.9691011235955,1.28370786516854,11.0112359550562,5,"Morrastel"
"32.3.R1","Zinfandel/Primitivo","50% flowering",37.3160621761658,1.22538860103627,11.5829015544041,5,"Zinfandel/Primitivo"
"23.7.R7","Szagos feher","50% flowering",37.9691011235955,1.28370786516854,11.0112359550562,5,"Szagos feher"
"17.2.R1","Ugni blanc/Trebbiano","50% flowering",45.38125,1.6375,10.99375,6,"Ugni blanc/Trebbiano"
"22.9.R1","Durif2","50% flowering",54.0774410774411,1.91077441077441,13.9511784511784,7,"Durif2"
"14.3.R3","Carmenere","50% flowering",39.0904255319149,1.45744680851064,8.48404255319149,6,"Carmenere"
"29.3.R6","Schiopettino","50% flowering",35.4738372093023,1.27616279069767,8.67441860465116,5,"Schiopettino"
"14.1.R2","Cabernet Sauvignon","50% flowering",30.6176470588235,0.941176470588235,10.8529411764706,4,"Cabernet Sauvignon"
"26.6.R4","Sangiovese","50% flowering",37.5610801543078,1.41191598799829,7.91084440634377,6,"Sangiovese"
"32.5.R2","Rkatsiteli","50% flowering",43.8556701030928,1.60824742268041,10.0824742268041,6,"Rkatsiteli"
"22.7.R7","Furmint","50% flowering",33.8756476683938,1.22279792746114,8.19689119170984,5,"Furmint"
"13.3.R8","Pinot gris","50% flowering",38.8295454545455,1.48863636363636,7.56818181818182,6,"Pinot gris"
"13.9.R1","Cabernet franc","50% flowering",140.557616816513,7.3725465366595,-14.2658604533368,25,"Cabernet franc"
"18.3.R3","Counoise","50% flowering",39.7840632603406,1.19099756690997,14.7731143552311,5,"Counoise"
"12.10.R3","Melon","50% flowering",42.8436838390967,1.74523641496119,6.19371912491178,7,"Melon"
"20.5.R4","Gewurtztraminer","50% flowering",27.1035856573705,0.956175298804781,7.02390438247012,4,"Gewurtztraminer"
"UNLABELED 4",NA,"50% flowering",41.7297297297297,1.524893314367,9.70697012802276,6,NA
"34.1.R1","Macabeo","50% flowering",43.4710539336962,1.57347847600198,10.4280059376546,6,"Macabeo"
"12.5.R7","Chardonnay","50% flowering",27.6065573770492,0.885245901639345,9.01639344262295,4,"Chardonnay"
"38.7.R1","Verdelho","50% flowering",63.3772782503038,2.96354799513973,1.14277035236937,13,"Verdelho"
"32.3.R5","Zinfandel/Primitivo","50% flowering",32.3404255319149,1.21808510638298,6.76063829787234,5,"Zinfandel/Primitivo"
"34.7.R3","Palomino","50% flowering",88.0009074410163,4.07078039927405,2.51451905626135,16,"Palomino"
"43.3.R2","July Muscat","50% flowering",32.6539589442815,1.28445747800587,5.68035190615836,5,"July Muscat"
"",NA,"50% flowering",NA,NA,NA,NA,NA
